ID|Word|IsPreposition|IsAdverb|SemanticRole|SemanticOrder|RelationClass|Relation|Examples|Count|Prob|Definition|implication|SpatialScale|Enetity|Synonyms|RootHypernyms
127|here|0|1|spatial|2|referent|near|I work here;turn here;radio waves received here on Earth|187|0.63|in or at this place; where the speaker or writer is|current location|any|any|here,187|here.r.01
196|there|0|1|spatial|2|referent|near|they have lived there for years;it's not there;that man there|181|0.96|in or at that place|some location|any|any|there,181;at_that_place,0;in_that_location,0|there.r.01
102|down|0|1|spatial||direction||don't fall down;rode the lift up and skied down;prices plunged downward|98|0.8|spatially or metaphorically from a higher to a lower level or position|none|object|living things|down,98;downwards,0;downward,2;downwardly,0|down.r.01
128|here|0|1|spatial||||what do we have here?;here I must disagree|91|0.31|in this circumstance or respect or on this point or detail|none|object|living things|here,91|here.r.02
218|up|0|1|spatial||||look up!;the music surged up;the fragments flew upwards;prices soared upwards;upwardly mobile|79|1|spatially or metaphorically from a lower to a higher position|none|object|living things|up,79;upwards,3;upward,6;upwardly,0|up.r.01
65|away|0|1|spatial||||ran away from the lion;wanted to get away from there;sent the children away to boarding school;the teacher waved the children away from the dead animal;went off to school;they drove off;go forth and preach|70|0.62|from a particular thing or place or position (`forth' is obsolete)|none|object|living things|away,70;off,13;forth,3|away.r.01
81|before|0|1|spatial||||I had known her before;as I said before;he called me the day before but your call had come even earlier;her parents had died four years earlier;I mentioned that problem earlier|68|1|earlier in time; previously|none|object|living things|earlier,18;before,68|earlier.r.01
115|far|0|1|spatial||||a far far better thing that I do;felt far worse than yesterday;eyes far too close together|61|0.49|to a considerable degree; very much|none|object|living things|far,61|far.r.01
6|about|0|1|nonspatial||||lasted approximately an hour;in just about a minute;he's about 30 years old;I've had about all I can stand;we meet about once a month;some forty people came;weighs around a hundred pounds;roughly $3,000;holds 3 gallons, more or less;20 or so people were at the party|55|0.7|(of quantities) imprecise but fairly close to correct|none|||approximately,26;about,55;close_to,3;just_about,2;some,2;roughly,9;more_or_less,11;around,2;or_so,8|approximately.r.01
120|forward|0|1|spatial||||he faced forward;step forward;she practiced sewing backward as well as frontward on her new sewing machine|53|0.83|at or to or toward the front; (`forrad' and `forrard' are dialectal variations)|none|object|living things|forward,53;forwards,0;frontward,0;frontwards,0;forrad,0;forrard,0|forward.r.01
155|on|0|1|spatial||||we drove along admiring the view;the horse trotted along at a steady pace;the circus traveled on to the next city;move along;march on|40|0.93|with a forward motion|none|object|living things|along,25;on,40|along.r.01
116|far|0|1|spatial||||he traveled far;strayed far from home;sat far away from each other|39|0.31|at or to or from a great distance in space|none|object|living things|far,39|far.r.02
13|above|0|1|spatial||||see above|32|0.78|at an earlier place|none|object|living things|above,32;supra,3|above.r.01
194|somewhere|0|1|spatial||||she must be somewhere|30|1|in or at or to some place; (`someplace' is used informally for `somewhere')|none|object|living things|somewhere,30;someplace,1|somewhere.r.01
47|around|0|1|spatial||||a few spectators standing about;hanging around;waited around for the next flight|26|0.41|in the area or vicinity|none|object|living things|about,5;around,26|about.r.03
34|along|0|1|spatial||||we drove along admiring the view;the horse trotted along at a steady pace;the circus traveled on to the next city;move along;march on|25|0.66|with a forward motion|none|object|street, river|along,25;on,40|along.r.01
168|over|0|1|spatial||||come over and see us some time;over there|23|0.88|at or to a point across intervening space etc.|none|object|living things|over,23|over.r.01
103|down|0|1|spatial||||was sent down to work at the regional office;worked down on the farm;came down for the wedding;flew down to Florida|22|0.18|away from a more central or a more northerly place|none|object|living things|down,22|down.r.02
117|far|0|1|spatial||||I can only go so far before I have to give up;how far can we get with this kind of argument?|22|0.18|at or to a certain point or degree|none|object|living things|far,22|far.r.03
20|ahead|0|1|spatial||||I see the lights of a town ahead;the road ahead is foggy;staring straight ahead;we couldn't see over the heads of the people in front;with the cross of Jesus marching on before|21|0.66|at or in the front|none|any|any|ahead,21;in_front,30;before,0|ahead.r.01
66|away|0|1|spatial||||he gave out money to the poor;gave away the tickets|21|0.19|from one's possession|none|object|living things|away,21;out,0|away.r.02
99|closely|0|1|spatial||||the onsets were closely timed;houses set closely together;was closely involved in monitoring daily progress|19|0.83|in a close relation or position in time or space|none|object|living things|closely,19|closely.r.01
114|everywhere|0|1|spatial||||You find fast food stores everywhere;people everywhere are becoming aware of the problem;he carried a gun everywhere he went;looked all over for a suitable gift|19|1|to or in any or all places; (`everyplace' is used informally for `everywhere')|none|object|living things|everywhere,19;everyplace,0;all_over,6|everywhere.r.01
135|in|0|1|spatial||||come in;smash in the door|19|1|to or toward the inside of|none|object|living things|in,19;inwards,0;inward,0|in.r.01
137|inside|0|1|spatial||||in winter we play inside|19|0.58|within a building|none|object|living things|inside,19;indoors,1|inside.r.01
147|near|0|1|spatial||||as the wedding day drew near;stood near the door;don't shoot until they come near;getting near to the true explanation;her mother is always near;The end draws nigh;the bullet didn't come close;don't get too close to the fire|19|0.95|near in time or place or relationship|none|object|living things|near,19;nigh,0;close,17|near.r.01
41|apart|0|1|spatial||||These towns are many miles apart;stood with his legs apart;born two years apart|18|0.62|separated or at a distance in place or position or time|none|object|living things|apart,18|apart.r.01
129|here|0|1|spatial||||come here, please|17|0.06|to this place (especially toward the speaker)|none|object|living things|here,17;hither,6|here.r.03
179|right|0|1|spatial||||stand right here!|17|0.3|precisely, exactly|none|object|living things|right,17|right.r.01
88|below|0|1|spatial|||||16|0.48|in or to a place that is lower|none|object|living things|below,16;at_a_lower_place,0;to_a_lower_place,0;beneath,1|below.r.01
165|outside|0|1|spatial||||in summer we play outside|15|0.71|outside a building|none|object|living things|outside,15;outdoors,2;out_of_doors,3;alfresco,0|outside.r.01
177|past|0|1|spatial||||every hour a train goes past|15|1|so as to pass a given point|none|object|living things|by,2;past,15|by.r.01
113|elsewhere|0|1|spatial||||he went elsewhere;look elsewhere for the answer|14|1|in or to another place|none|object|living things|elsewhere,14|elsewhere.r.01
138|inside|0|1|spatial||||inside, the car is a mess|14|0.42|on the inside|none|object|living things|inside,14;within,6|inside.r.02
180|right|0|1|spatial||||she called right after dinner|14|0.25|immediately|none|object|living things|right,14|right.r.02
48|around|0|1|spatial||||He came all the way around the base;the road goes around the pond|13|0.21|by a circular or circuitous route|none|object|living things|around,13|around.r.02
67|away|0|1|spatial||||brush the objections aside;pushed all doubts away|13|0.12|out of the way (especially away from one's thoughts)|none|object|living things|aside,5;away,13|aside.r.02
83|behind|0|1|spatial||||he followed behind;seen from behind, the house is more imposing than it is from the front;the final runners were far behind|13|0.81|in or to or toward the rear|none|object|living things|behind,13|behind.r.01
89|below|0|1|spatial||||see below|13|0.39|at a later place|none|object|living things|below,13|below.r.02
152|off|0|1|spatial||||ran away from the lion;wanted to get away from there;sent the children away to boarding school;the teacher waved the children away from the dead animal;went off to school;they drove off;go forth and preach|13|0.43|from a particular thing or place or position (`forth' is obsolete)|none|object|living things|away,70;off,13;forth,3|away.r.01
227|upstairs|0|1|spatial||||they lived upstairs|13|1|on a floor above|none|object|living things|upstairs,13;up_the_stairs,6;on_a_higher_floor,0|upstairs.r.01
28|all over|0|1|spatial||||the wallpaper was covered all over with flowers;she ached all over;everything was dusted over with a fine layer of soot|12|0.67|over the entire area|none|any|any|all_over,12;over,0|all_over.r.01
49|around|0|1|spatial||||wandering about with no place to go;people were rushing about;news gets around (or about);traveled around in Asia;he needs advice from someone who's been around;she sleeps around|12|0.19|used of movement to or among many different places or in no particular direction|none|object|living things|about,3;around,12|about.r.04
153|off|0|1|spatial||||the boat was 5 miles off (or away);the party is still 2 weeks off (or away);away back in the 18th century|12|0.4|at a distance in space or time|none|object|living things|off,12;away,2|off.r.02
151|nowhere|0|1|spatial||||I am going nowhere|11|1|not anywhere; in or at or to no place|none|object|living things|nowhere,11|nowhere.r.01
181|right|0|1|spatial||||he fell flop on his face|11|0.19|exactly|none|object|living things|right,11;flop,0|right.r.03
7|about|0|1|spatial||||dirty clothes lying around (or about);let's look about for help;There were trees growing all around;she looked around her|10|0.13|all around or on all sides|none|object|living things|about,10;around,1|about.r.02
42|apart|0|1|spatial||||these problems apart, the country is doing well;all joking aside, I think you're crazy|10|0.34|not taken into account or excluded from consideration|none|object|living things|apart,10;aside,4|apart.r.02
96|beyond|0|1|spatial||||through the valley and beyond;to the eighth grade but not beyond;will be influential in the 1990s and beyond|10|0.91|farther along in space or time or degree|none|object|living things|beyond,10|beyond.r.01
14|above|0|1|spatial||||the room above|9|0.22|in or to a place that is higher|none|object|living things|above,9;higher_up,0;in_a_higher_place,0;to_a_higher_place,0|above.r.02
35|along|0|1|spatial||||his little sister came along to the movies;I brought my camera along;working along with his father|9|0.24|in accompaniment or as a companion|none|object|living things|along,9|along.r.02
40|anywhere|0|1|spatial||||you can find this food anywhere|9|1|at or in or to any place; (`anyplace' is used informally for `anywhere')|none|object|living things|anywhere,9;anyplace,0|anywhere.r.01
131|high|0|1|spatial||||he climbed high on the ladder|9|0.82|at a great altitude|none|object|living things|high,9;high_up,1|high.r.01
15|abroad|0|1|spatial||||they had never travelled abroad|8|0.73|to or in a foreign country|none|country|place|abroad,8|abroad.r.01
149|nearby|0|1|spatial||||she works nearby;the planets orbiting nearby are Venus and Mars|7|1|not far away in relative terms|none|object|living things|nearby,7|nearby.r.01
29|all over|0|1|spatial||||You find fast food stores everywhere;people everywhere are becoming aware of the problem;he carried a gun everywhere he went;looked all over for a suitable gift|6|0.33|to or in any or all places; (`everyplace' is used informally for `everywhere')|none|any|any|everywhere,19;everyplace,0;all_over,6|everywhere.r.01
50|around|0|1|spatial||||The wheels are spinning around|6|0.1|in a circle or circular motion|none|object|living things|around,6|around.r.04
110|downstairs|0|1|spatial||||the tenants live downstairs|6|1|on a floor below|none|object|living things|downstairs,6;down_the_stairs,4;on_a_lower_floor,0;below,2|downstairs.r.01
166|outside|0|1|spatial||||outside, the box is black|6|0.29|on the outside|none|object|living things|outside,6|outside.r.02
197|there|0|1|spatial||||I agree with you there|6|0.03|in that matter|none|object|living things|there,6;in_that_respect,0;on_that_point,0|there.r.02
223|up and down|0|1|spatial||||he walked up and down the locker room;all up and down the Eastern seaboard|6|0.67|moving backward and forward along a given course|none|object|living things|up_and_down,6|up_and_down.r.01
229|upward|0|1|spatial||||look up!;the music surged up;the fragments flew upwards;prices soared upwards;upwardly mobile|6|1|spatially or metaphorically from a lower to a higher position|none|object|living things|up,79;upwards,3;upward,6;upwardly,0|up.r.01
238|within|0|1|spatial||||inside, the car is a mess|6|1|on the inside|none|object|living things|inside,14;within,6|inside.r.02
8|about|0|1|spatial||||a few spectators standing about;hanging around;waited around for the next flight|5|0.06|in the area or vicinity|none|object|living things|about,5;around,26|about.r.03
21|ahead|0|1|nonspatial||||I like to look ahead in imagination to what the future may bring;I look forward to seeing you|5|0.16|toward the future; forward in time|none|object|living things|ahead,5;forward,3|ahead.r.02
22|ahead|0|1|spatial||||go ahead;the train moved ahead slowly;the boat lurched ahead;moved onward into the forest;they went slowly forward in the mud|5|0.16|in a forward direction|none|object|living things|ahead,5;onward,0;onwards,0;forward,3;forwards,0;forrader,0|ahead.r.03
121|forward|0|1|spatial||||from that time forth;from the sixth century onward|5|0.08|forward in time or order or degree|none|object|living things|forth,1;forward,5;onward,0|forth.r.02
154|off|0|1|spatial||||clean off the dirt;he shaved off his mustache|5|0.17|no longer on or in contact or attached|none|object|living things|off,5|off.r.03
161|out|0|1|spatial||||they went out last night|5|1|away from home|none|object|living things|out,5|out.r.01
199|through|0|1|spatial||||read this book through|5|0.62|from beginning to end|none|object|living things|through,5|through.r.01
2|aboard|0|1|spatial||||go aboard ship; aboard a plane|4|0.8|on a ship, train, plane or other vehicle|none|object|ship,train,plane,vehicle|aboard,4;on_board,0|aboard.r.01
18|across|0|1|spatial||||the football field was 300 feet across|4|0.8|to the opposite side|none|any|any|across,4|across.r.01
76|backward|0|1|spatial||||he moved back;tripped when he stepped backward;she looked rearward out the window of the car|4|0.67|at or to or toward the back or rear|none|object|living things|back,36;backward,4;backwards,1;rearward,4;rearwards,0|back.r.02
178|rearward|0|1|spatial||||he moved back;tripped when he stepped backward;she looked rearward out the window of the car|4|1|at or to or toward the back or rear|none|object|living things|back,36;backward,4;backwards,1;rearward,4;rearwards,0|back.r.02
182|right|0|1|spatial||||he looked right and left;the party has moved right|4|0.07|toward or on the right; also used figuratively|none|object|living things|right,4|right.r.04
234|wide|0|1|spatial||||stand with legs wide apart;ran wide around left end|4|0.8|with or by a broad space|none|object|living things|wide,4|wide.r.01
9|about|0|1|spatial||||wandering about with no place to go;people were rushing about;news gets around (or about);traveled around in Asia;he needs advice from someone who's been around;she sleeps around|3|0.04|used of movement to or among many different places or in no particular direction|none|object|living things|about,3;around,12|about.r.04
10|about|0|1|spatial||||about face;suddenly she turned around|3|0.04|in or to a reversed position or direction|none|object|living things|about,3;around,1|about.r.05
68|away|0|1|spatial||||"the music faded away;tried to explain away the affair of the letter""- H.E.Scudder;idled the hours away;her fingernails were worn away"|3|0.03|out of existence|none|object|living things|away,3|away.r.04
84|behind|0|1|spatial||||when he died he left much unfinished work behind;left a large family behind;the children left their books behind;he took off with a squeal of tires and left the other cars far behind|3|0.19|remaining in a place or condition that has been left or departed from|none|object|living things|behind,3|behind.r.02
118|far|0|1|spatial||||if we could see far into the future;all that happened far in the past|3|0.02|remote in time|none|object|living things|far,3|far.r.04
122|forward|0|1|spatial||||I like to look ahead in imagination to what the future may bring;I look forward to seeing you|3|0.05|toward the future; forward in time|none|object|living things|ahead,5;forward,3|ahead.r.02
123|forward|0|1|spatial||||go ahead;the train moved ahead slowly;the boat lurched ahead;moved onward into the forest;they went slowly forward in the mud|3|0.05|in a forward direction|none|object|living things|ahead,5;onward,0;onwards,0;forward,3;forwards,0;forrader,0|ahead.r.03
143|left|0|1|spatial||||he looked right and left;the political party has moved left|3|1|toward or on the left; also used figuratively|none|object|living things|left,3|left.r.01
146|low|0|1|spatial||||the branches hung low|3|1|in a low position; near the ground|none|object|living things|low,3|low.r.01
150|northward|0|1|spatial||||they earn more up north;Let's go north!|3|1|in a northern direction|none|object|living things|north,11;northerly,0;northwards,0;northward,3|north.r.01
183|right|0|1|spatial||||please do your job properly!;can't you carry me decent?|3|0.05|in the right manner|none|object|living things|properly,21;decently,0;decent,1;in_good_order,1;right,3;the_right_way,0|properly.r.01
184|right|0|1|spatial|||||3|0.05|an interjection expressing agreement|none|object|living things|right,3;right_on,0|right.r.06
189|round|0|1|spatial||||It rains all year round on Skye;frigid weather the year around|3|1|from beginning to end; throughout|none|object|living things|round,3;around,0|round.r.01
195|southward|0|1|spatial||||the ship turned southerly|3|1|toward the south|none|object|living things|southerly,0;southward,3;southwards,0|southerly.r.01
204|throughout|0|1|spatial||||the play was excellent end-to-end|3|1|from first to last|none|object|living things|throughout,3;end-to-end,0|throughout.r.01
214|underfoot|0|1|spatial||||trampled the beans underfoot;green grass growing underfoot|3|1|under the feet|none|object|living things|underfoot,3|underfoot.r.01
224|up and down|0|1|spatial||||he eyed him up and down|3|0.33|alternately upward and downward|none|object|living things|up_and_down,3|up_and_down.r.02
231|upwards|0|1|spatial||||look up!;the music surged up;the fragments flew upwards;prices soared upwards;upwardly mobile|3|1|spatially or metaphorically from a lower to a higher position|none|object|living things|up,79;upwards,3;upward,6;upwardly,0|up.r.01
233|westward|0|1|spatial||||they traveled westward toward the setting sun|3|1|toward the west|none|object|living things|westward,3;westwards,1|westward.r.01
11|about|0|1|spatial||||turn about is fair play|2|0.03|in rotation or succession|none|object|living things|about,2|about.r.06
16|abroad|0|1|spatial||||"looking afield for new lands to conquer""- R.A.Hall"|2|0.18|far away from home or one's usual surroundings|none|surrounding|place|afield,0;abroad,2|afield.r.01
36|along|0|1|spatial||||the work is moving along;well along in their research;hurrying their education along;getting along in years|2|0.05|to a more advanced state|none|object|living things|along,2|along.r.03
37|along|0|1|spatial||||we sent them food and some clothing went along in the package;along with the package came a bill;consider the advantages along with the disadvantages|2|0.05|in addition (usually followed by `with')|none|object|living things|along,2|along.r.04
51|around|0|1|spatial||||lasted approximately an hour;in just about a minute;he's about 30 years old;I've had about all I can stand;we meet about once a month;some forty people came;weighs around a hundred pounds;roughly $3,000;holds 3 gallons, more or less;20 or so people were at the party|2|0.03|(of quantities) imprecise but fairly close to correct|none|object|living things|approximately,26;about,55;close_to,3;just_about,2;some,2;roughly,9;more_or_less,11;around,2;or_so,8|approximately.r.01
60|astride|0|1|spatial||||she sat astride the chair|2|1|with one leg on each side|none|object|living things|astride,2;astraddle,0|astride.r.01
69|away|0|1|spatial||||the boat was 5 miles off (or away);the party is still 2 weeks off (or away);away back in the 18th century|2|0.02|at a distance in space or time|none|object|living things|off,12;away,2|off.r.02
70|away|0|1|spatial||||he worked away at the project for more than a year;the child kept hammering away as if his life depended on it|2|0.02|indicating continuing action; continuously or steadily|none|object|living things|away,2|away.r.06
77|backward|0|1|spatial||||it's easy to get the `i' and the `e' backward in words like `seize' and `siege';the child put her jersey on backward|2|0.33|in a manner or order or direction the reverse of normal|none|object|living things|backward,2;backwards,0|backward.r.02
90|below|0|1|spatial||||vide infra|2|0.06|(in writing) see below|none|object|living things|below,2;infra,0|below.r.03
91|below|0|1|spatial||||the tenants live downstairs|2|0.06|on a floor below|none|object|living things|downstairs,6;down_the_stairs,4;on_a_lower_floor,0;below,2|downstairs.r.01
100|closely|0|1|spatial||||he remained close on his guard|2|0.09|in an attentive manner|none|object|living things|close,4;closely,2;tight,1|close.r.02
101|closely|0|1|spatial||||the two phenomena are intimately connected;the person most nearly concerned|2|0.09|in a close manner|none|object|living things|closely,2;intimately,2;nearly,0|closely.r.03
104|down|0|1|spatial||||put ten dollars down on the necklace|2|0.02|paid in cash at time of purchase|none|object|living things|down,2|down.r.03
111|downward|0|1|spatial||||don't fall down;rode the lift up and skied down;prices plunged downward|2|1|spatially or metaphorically from a higher to a lower level or position|none|object|living things|down,98;downwards,0;downward,2;downwardly,0|down.r.01
132|high|0|1|spatial||||prices have gone up far too high|2|0.18|in or to a high position, amount, or degree|none|object|living things|high,2|high.r.02
144|locally|0|1|spatial||||it was locally decided|2|1|by a particular locality|none|object|living things|locally,2|locally.r.01
156|on|0|1|spatial||||his spirit lives on;shall I read on?|2|0.05|indicates continuity or persistence or concentration|none|object|living things|on,2|on.r.02
164|outdoors|0|1|spatial||||in summer we play outside|2|1|outside a building|none|object|living things|outside,15;outdoors,2;out_of_doors,3;alfresco,0|outside.r.01
169|over|0|1|spatial||||he is known the world over|2|0.08|throughout an area|none|object|living things|over,2|over.r.02
173|overhead|0|1|spatial||||planes were flying overhead|2|0.5|above your head; in the sky|none|object|living things|overhead,2|overhead.r.01
174|overhead|0|1|spatial||||bring the legs together overhead|2|0.5|above the head; over the head|none|object|living things|overhead,2|overhead.r.02
185|right|0|1|spatial||||she felt right at home;he fell right into the trap|2|0.04|completely|none|object|living things|right,2|right.r.07
186|right|0|1|spatial||||the baby is mighty cute;he's mighty tired;it is powerful humid;that boy is powerful big now;they have a right nice place;they rejoiced mightily|2|0.04|(Southern regional intensive) very; to a great degree|none|object|living things|mighty,4;mightily,0;powerful,0;right,2|mighty.r.01
198|there|0|1|spatial||||go there around noon!|2|0.01|to or toward that place; away from the speaker|none|object|living things|there,2;thither,6|there.r.03
200|through|0|1|spatial||||this bus goes through to New York|2|0.25|over the whole distance|none|object|living things|through,2|through.r.02
206|under|0|1|spatial||||their competitors went under|2|1|down to defeat, death, or ruin|none|object|living things|under,2|under.r.01
3|aboard|0|1|spatial||||Their second homer with Bob Allison aboard|1|0.2|on first or second or third base|none|object|living things|aboard,1;on_base,0|aboard.r.02
12|about|0|1|spatial||||the job is (just) about done;the baby was almost asleep when the alarm sounded;we're almost finished;the car all but ran her down;he nearly fainted;talked for nigh onto 2 hours;the recording is well-nigh perfect;virtually all the parties signed the contract;I was near exhausted by the run;most everyone agrees|1|0.01|(of actions or states) slightly short of or not quite accomplished; all but|none|object|living things|about,1;almost,175;most,1;nearly,53;near,1;nigh,0;virtually,4;well-nigh,1|about.r.07
17|abroad|0|1|spatial|||||1|0.09|in a place across an ocean|none|global|ocean|overseas,1;abroad,1|overseas.r.02
19|across|0|1|spatial||||the marble slabs were cut across|1|0.2|transversely|none|object|object|across,1;crosswise,0;crossways,0|across.r.02
23|ahead|0|1|nonspatial||||when you pay ahead (or in advance) you receive a discount;We like to plan ahead;should have made reservations beforehand|1|0.03|ahead of time; in anticipation|none|object|living things|ahead,1;in_advance,3;beforehand,0|ahead.r.04
27|aimlessly|0|1|nonspatial||||he wandered around aimlessly|1|1|without aim; in an aimless manner|none|object|living things|aimlessly,1|aimlessly.r.01
43|apart|0|1|spatial||||they grew apart over the years;kept apart from the group out of shyness;decided to live apart|1|0.03|away from another or others|none|object|living things|apart,1|apart.r.03
52|around|0|1|spatial||||about face;suddenly she turned around|1|0.02|in or to a reversed position or direction|none|object|living things|about,3;around,1|about.r.05
53|around|0|1|spatial||||she came around to see me;I invited them around for supper|1|0.02|to a particular destination either specified or understood|none|object|living things|around,1|around.r.07
54|around|0|1|spatial||||dirty clothes lying around (or about);let's look about for help;There were trees growing all around;she looked around her|1|0.02|all around or on all sides|none|object|living things|about,10;around,1|about.r.02
55|around|0|1|spatial||||the trunk is ten feet around;the pond is two miles around|1|0.02|in circumference|none|object|living things|around,1|around.r.09
64|atop|0|1|spatial|||||1|1|on, to, or at the top|none|object|living things|atop,1|atop.r.01
71|away|0|1|spatial||||cleared the mess away;the rotted wood had to be cut away|1|0.01|so as to be removed or gotten rid of|none|object|living things|away,1|away.r.07
79|backwards|0|1|spatial||||he moved back;tripped when he stepped backward;she looked rearward out the window of the car|1|1|at or to or toward the back or rear|none|object|living things|back,36;backward,4;backwards,1;rearward,4;rearwards,0|back.r.02
93|beneath|0|1|spatial|||||1|1|in or to a place that is lower|none|object|living things|below,16;at_a_lower_place,0;to_a_lower_place,0;beneath,1|below.r.01
94|between|0|1|spatial||||dancing all the dances with little rest between|1|0.5|in the interval|none|object|living things|between,1;betwixt,0|between.r.01
95|between|0|1|spatial||||two houses with a tree between|1|0.5|in between|none|object|living things|between,1;'tween,0|between.r.02
97|beyond|0|1|spatial||||a pond with a hayfield beyond|1|0.09|on the farther side from the observer|none|object|living things|beyond,1|beyond.r.02
112|eastward|0|1|spatial||||they migrated eastward to Sweden|1|1|toward the east|none|object|living things|eastward,1;eastwards,0|eastward.r.01
130|here|0|1|spatial||||we'll adjourn here for lunch and discuss the remaining issues this afternoon|1|0|at this time; now|none|object|living things|here,1|here.r.04
136|indoors|0|1|spatial||||in winter we play inside|1|1|within a building|none|object|living things|inside,19;indoors,1|inside.r.01
141|inward|0|1|spatial||||move the needle further inwards!|1|1|toward the center or interior|none|object|living things|inward,1;inwards,0|inward.r.01
148|near|0|1|spatial||||the job is (just) about done;the baby was almost asleep when the alarm sounded;we're almost finished;the car all but ran her down;he nearly fainted;talked for nigh onto 2 hours;the recording is well-nigh perfect;virtually all the parties signed the contract;I was near exhausted by the run;most everyone agrees|1|0.05|(of actions or states) slightly short of or not quite accomplished; all but|none|object|living things|about,1;almost,175;most,1;nearly,53;near,1;nigh,0;virtually,4;well-nigh,1|about.r.07
157|on|0|1|spatial||||turn the lights on;get a load on|1|0.02|in a state required for something to function or be effective|none|object|living things|on,1|on.r.03
167|outward|0|1|spatial||||move the needle further outward!|1|1|toward the outside|none|object|living things|outward,1;outwards,0|outward.r.01
170|over|0|1|spatial||||stay over the weekend|1|0.04|throughout a period of time|none|object|living things|over,1;o'er,0|over.r.03
175|overseas|0|1|spatial||||He lived overseas for many years|1|0.5|beyond or across the sea|none|object|living things|oversea,0;overseas,1|oversea.r.01
176|overseas|0|1|spatial|||||1|0.5|in a place across an ocean|none|object|living things|overseas,1;abroad,1|overseas.r.02
187|right|0|1|spatial||||that serves him right;do right by him|1|0.02|in accordance with moral or social standards|none|object|living things|justly,1;right,1|justly.r.02
201|through|0|1|spatial||||think this through very carefully!|1|0.12|to completion|none|object|living things|through,1|through.r.03
235|wide|0|1|spatial||||open your eyes wide;with the throttle wide open|1|0.2|to the fullest extent possible|none|object|living things|wide,1|wide.r.02
1|abaft|0|1|spatial||||stow the luggage aft;ships with square sails sail fairly efficiently with the wind abaft|0|1|at or near or toward the stern of a ship or tail of an airplane|none|object|ship,plane,airplane|aft,1;abaft,0;astern,0|aft.r.01
4|aboard|0|1|spatial||||anchored close aboard another ship|0|0|side by side|none|object|living things|aboard,0;alongside,0|aboard.r.03
5|aboard|0|1|nonspatial||||Bill's been aboard for three years now|0|0|part of a group|none|object|living things|aboard,0|aboard.r.04
24|ahead|0|1|nonspatial||||a young man sure to get ahead;pushing talented students ahead|0|0|to a more advanced or advantageous position|none|object|living things|ahead,0|ahead.r.05
25|ahead|0|1|nonspatial||||moved the appointment ahead from Tuesday to Monday;pushed the deadline ahead from Tuesday to Wednesday|0|0|to a different or a more advanced time (meaning advanced either toward the present or toward the future)|none|object|living things|ahead,0|ahead.r.06
26|ahead|0|1|spatial||||the horse was three lengths ahead going into the home stretch;ahead by two pawns;our candidate is in the lead in the polls;way out front in the race;the advertising campaign put them out front in sales|0|0|leading or ahead in a competition|none|object|living things|ahead,0;out_front,0;in_the_lead,1|ahead.r.07
30|aloft|0|1|spatial||||climbed aloft to unfurl the sail|0|0.25|at or on or to the masthead or upper rigging of a ship|none|object|living things|aloft,0|aloft.r.01
31|aloft|0|1|spatial||||the good news sent her spirits aloft|0|0.25|upward|none|object|living things|aloft,0|aloft.r.02
32|aloft|0|1|spatial||||eagles were soaring aloft;dust is whirled aloft|0|0.25|at or to great height; high up in or into the air|none|object|living things|aloft,0|aloft.r.03
33|aloft|0|1|spatial||||weather conditions aloft are fine|0|0.25|in the higher atmosphere above the earth|none|object|living things|aloft,0|aloft.r.04
38|along|0|1|spatial||||pass the word along;ran along beside me;cottages along by the river|0|0|in line with a length or direction (often followed by `by' or `beside')|none|object|living things|along,0|along.r.05
39|alongside|0|1|spatial||||anchored close aboard another ship|0|1|side by side|none|object|living things|aboard,0;alongside,0|aboard.r.03
44|apart|0|1|spatial||||had a feeling of being set apart;quality sets it apart;a day set aside for relaxing|0|0|placed or kept separate and distinct as for a purpose|none|object|living things|aside,0;apart,0|aside.r.05
45|apart|0|1|spatial||||people can't tell the twins apart|0|0|one from the other|none|object|living things|apart,0|apart.r.05
46|apart|0|1|spatial||||he took his father's watch apart;split apart;torn asunder|0|0|into parts or pieces|none|object|living things|apart,0;asunder,0|apart.r.06
56|around|0|1|spatial||||It rains all year round on Skye;frigid weather the year around|0|0|from beginning to end; throughout|none|object|living things|round,3;around,0|round.r.01
57|aslant|0|1|spatial|||||0|0.5|over or across in a slanting direction|none|object|living things|aslant,0|aslant.r.01
58|aslant|0|1|spatial||||the sun shone aslant into his face|0|0.5|at an oblique angle|none|object|living things|obliquely,0;aslant,0;athwart,0|obliquely.r.02
59|astraddle|0|1|spatial||||she sat astride the chair|0|1|with one leg on each side|none|object|living things|astride,2;astraddle,0|astride.r.01
61|astride|0|1|spatial|||||0|0|with the legs stretched far apart|none|object|living things|astride,0|astride.r.02
62|athwart|0|1|spatial|||||0|0.5|at right angles to the center line of a ship|none|object|living things|athwart,0|athwart.r.01
63|athwart|0|1|spatial||||the sun shone aslant into his face|0|0.5|at an oblique angle|none|object|living things|obliquely,0;aslant,0;athwart,0|obliquely.r.02
72|away|0|1|spatial||||fire away!|0|0|freely or at will|none|object|living things|away,0|away.r.08
73|away|0|1|spatial||||put the toys away;her jewels are locked away in a safe;filed the letter away|0|0|in or into a proper place (especially for storage or safekeeping)|none|object|living things|away,0|away.r.09
74|away|0|1|spatial||||turn aside;turn away one's face;glanced away|0|0|in a different direction|none|object|living things|away,0;aside,0|away.r.10
75|away|0|1|spatial||||started setting aside money to buy a car;put something by for her old age;has a nest egg tucked away for a rainy day|0|0|in reserve; not for immediate use|none|object|living things|aside,0;by,0;away,0|aside.r.06
78|backward|0|1|spatial||||set the clocks back an hour;never look back;lovers of the past looking fondly backward|0|0|in or to or toward a past time|none|object|living things|back,15;backward,0|back.r.04
80|backwards|0|1|spatial||||it's easy to get the `i' and the `e' backward in words like `seize' and `siege';the child put her jersey on backward|0|0|in a manner or order or direction the reverse of normal|none|object|living things|backward,2;backwards,0|backward.r.02
82|before|0|1|spatial||||I see the lights of a town ahead;the road ahead is foggy;staring straight ahead;we couldn't see over the heads of the people in front;with the cross of Jesus marching on before|0|0|at or in the front|none|object|living things|ahead,21;in_front,30;before,0|ahead.r.01
85|behind|0|1|spatial||||the clock is almost an hour slow;my watch is running behind|0|0|of timepieces|none|object|living things|behind,0;slow,0|behind.r.03
86|behind|0|1|spatial||||fell behind in his studies;their business was lagging behind in the competition for customers|0|0|in or into an inferior position|none|object|living things|behind,0|behind.r.04
87|behind|0|1|spatial||||he fell behind with his mortgage payments;a month behind in the rent;a company that has been run behindhand for years;in arrears with their utility bills|0|0|in debt|none|object|living things|behind,0;behindhand,0;in_arrears,0|behind.r.05
92|below|0|1|spatial||||see under for further discussion|0|0|further down|none|object|living things|under,0;below,0|under.r.08
98|beyond|0|1|spatial||||agreed to provide essentials but nothing beyond|0|0|in addition|none|object|living things|beyond,0|beyond.r.03
105|down|0|1|spatial||||the story was passed down from father to son|0|0|from an earlier time|none|object|living things|down,0|down.r.04
106|down|0|1|spatial||||he slowly phased down the light until the stage was completely black|0|0|to a lower intensity|none|object|living things|down,0|down.r.05
107|down|0|1|spatial||||the factory went down during the strike;the computer went down again|0|0|in an inactive or inoperative state|none|object|living things|down,0|down.r.06
108|downhill|0|1|spatial||||your performance has been going downhill for a long time now|0|0.5|toward a lower or inferior state|none|object|living things|downhill,0|downhill.r.01
109|downhill|0|1|spatial||||running downhill, he gained a lot of speed|0|0.5|toward the bottom of a hill|none|object|living things|downhill,0|downhill.r.02
119|far|0|1|spatial||||a young man who will go very far|0|0|to an advanced stage or point|none|object|living things|far,0|far.r.05
124|forward|0|1|spatial||||the captain went fore (or forward) to check the instruments|0|0|near or toward the bow of a ship or cockpit of a plane|none|object|living things|fore,0;forward,0|fore.r.01
125|forwards|0|1|spatial||||he faced forward;step forward;she practiced sewing backward as well as frontward on her new sewing machine|0|0.5|at or to or toward the front; (`forrad' and `forrard' are dialectal variations)|none|object|living things|forward,53;forwards,0;frontward,0;frontwards,0;forrad,0;forrard,0|forward.r.01
126|forwards|0|1|spatial||||go ahead;the train moved ahead slowly;the boat lurched ahead;moved onward into the forest;they went slowly forward in the mud|0|0.5|in a forward direction|none|object|living things|ahead,5;onward,0;onwards,0;forward,3;forwards,0;forrader,0|ahead.r.03
133|high|0|1|spatial||||he lives high|0|0|in a rich manner|none|object|living things|high,0;richly,0;luxuriously,0|high.r.03
134|high|0|1|spatial||||he lives high up the river|0|0|far up toward the source|none|object|living things|high,0|high.r.04
139|inside|0|1|spatial||||inwardly, she was raging|0|0|with respect to private feelings|none|object|living things|inwardly,2;inside,0|inwardly.r.01
140|inside|0|1|spatial||||she is very kind at heart|0|0|in reality|none|object|living things|at_heart,2;at_bottom,0;deep_down,0;inside,0;in_spite_of_appearance,0|at_heart.r.01
142|inward|0|1|spatial||||come in;smash in the door|0|0|to or toward the inside of|none|object|living things|in,19;inwards,0;inward,0|in.r.01
145|locally|0|1|spatial||||apply this medicine topically|0|0|to a restricted area of the body|none|object|living things|locally,0;topically,0|locally.r.02
158|onward|0|1|spatial||||from that time forth;from the sixth century onward|0|0.5|forward in time or order or degree|none|object|living things|forth,1;forward,5;onward,0|forth.r.02
159|onward|0|1|spatial||||go ahead;the train moved ahead slowly;the boat lurched ahead;moved onward into the forest;they went slowly forward in the mud|0|0.5|in a forward direction|none|object|living things|ahead,5;onward,0;onwards,0;forward,3;forwards,0;forrader,0|ahead.r.03
160|opposite|0|1|spatial||||the two photographs lay face-to-face on the table;lived all their lives in houses face-to-face across the street;they sat opposite at the table|0|1|directly facing each other|none|object|living things|face-to-face,0;opposite,0|face-to-face.r.02
162|out|0|1|spatial||||the cat came out from under the bed|0|0|moving or appearing to move away from a place, especially one that is enclosed or hidden; |none|object|living things|out,0|out.r.02
163|out|0|1|spatial||||he gave out money to the poor;gave away the tickets|0|0|from one's possession|none|object|living things|away,21;out,0|away.r.02
171|over|0|1|spatial||||a roof that hangs over|0|0|beyond the top or upper surface or edge; forward from an upright position; |none|object|living things|over,0|over.r.04
172|over|0|1|spatial||||the wallpaper was covered all over with flowers;she ached all over;everything was dusted over with a fine layer of soot|0|0|over the entire area|none|object|living things|all_over,12;over,0|all_over.r.01
188|right|0|1|spatial||||the flower had been correctly depicted by his son;he guessed right|0|0|in an accurate manner|none|object|living things|correctly,6;right,0;aright,0|correctly.r.01
190|sideways|0|1|spatial||||turned sideways to show the profile;crabs seeming to walk sidewise|0|0.25|with one side forward or to the front|none|object|living things|sideways,0;sideway,0;sidewise,0|sideways.r.01
191|sideways|0|1|spatial||||a picture lit sideways;scenes viewed sidewise|0|0.25|from the side; obliquely|none|object|living things|sideway,0;sideways,0;sidewise,0|sideway.r.02
192|sideways|0|1|spatial||||the car slipped sideways into the ditch;leaning sideways;a figure moving sidewise in the shadows|0|0.25|toward one side|none|object|living things|sideways,0;sideway,0;sidewise,2|sideways.r.03
193|sideways|0|1|spatial||||darting eyes looking sidelong out of a wizened face|0|0.25|to, toward or at one side|none|object|living things|sidelong,0;sideways,0;obliquely,0|sidelong.r.03
202|through|0|1|spatial||||this cylinder measures 15 inches through|0|0|in diameter|none|object|living things|through,0|through.r.04
203|through|0|1|spatial||||got soaked through in the rain;I'm frozen through;a letter shot through with the writer's personality;knew him through and through;boards rotten through and through|0|0|throughout the entire extent|none|object|living things|through,0;through_and_through,0|through.r.05
205|throughout|0|1|spatial|||||0|0|used to refer to cited works|none|object|living things|passim,0;throughout,0|passim.r.01
207|under|0|1|spatial||||children six and under will be admitted free|0|0|through a range downward|none|object|living things|under,0|under.r.02
208|under|0|1|spatial||||this will put the patient under|0|0|into unconsciousness|none|object|living things|under,0|under.r.03
209|under|0|1|spatial||||we must keep our disappointment under|0|0|in or into a state of subordination or subjugation|none|object|living things|under,0|under.r.04
210|under|0|1|spatial||||fifty dollars or under|0|0|below some quantity or limit|none|object|living things|under,0|under.r.05
211|under|0|1|spatial||||the sun went under|0|0|below the horizon|none|object|living things|under,0|under.r.06
212|under|0|1|spatial||||get under quickly!|0|0|down below|none|object|living things|under,0|under.r.07
213|under|0|1|spatial||||see under for further discussion|0|0|further down|none|object|living things|under,0;below,0|under.r.08
215|underfoot|0|1|spatial||||a house with children and pets and toys always underfoot|0|0|in the way and hindering progress|none|object|living things|underfoot,0|underfoot.r.02
216|underneath|0|1|spatial||||a chest of drawers all scratched underneath|0|0.5|on the lower or downward side; on the underside of|none|object|living things|underneath,0|underneath.r.01
217|underneath|0|1|spatial||||we could see the original painting underneath;a house with a good foundation underneath|0|0.5|under or below an object or a surface; at a lower place or level; directly beneath|none|object|living things|underneath,0|underneath.r.02
219|up|0|1|spatial||||he turned up the volume|0|0|to a higher intensity|none|object|living things|up,0|up.r.02
220|up|0|1|spatial||||he walked up and grabbed my lapels|0|0|nearer to the speaker|none|object|living things|up,0|up.r.03
221|up|0|1|spatial||||was transferred up to headquarters;up to Canada for a vacation|0|0|to a more central or a more northerly place|none|object|living things|up,0|up.r.04
222|up|0|1|spatial||||they moved the meeting date up;from childhood upward|0|0|to a later time|none|object|living things|up,0;upwards,0;upward,0|up.r.05
225|uphill|0|1|spatial||||she was talking uphill|0|0.5|against difficulties|none|object|living things|uphill,0|uphill.r.01
226|uphill|0|1|spatial||||this street lay uphill|0|0.5|upward on a hill or incline|none|object|living things|uphill,0|uphill.r.02
228|upstairs|0|1|spatial||||she's a bit weak upstairs|0|0|with respect to the mind|none|object|living things|upstairs,0|upstairs.r.02
230|upward|0|1|spatial||||they moved the meeting date up;from childhood upward|0|0|to a later time|none|object|living things|up,0;upwards,0;upward,0|up.r.05
232|upwards|0|1|spatial||||they moved the meeting date up;from childhood upward|0|0|to a later time|none|object|living things|up,0;upwards,0;upward,0|up.r.05
236|wide|0|1|spatial||||the arrow went wide of the mark;a bullet went astray and killed a bystander|0|0|far from the intended target|none|object|living things|wide,0;astray,0|wide.r.03
237|wide|0|1|spatial||||wandered wide through many lands;he traveled widely|0|0|to or over a great extent or range; far|none|object|living things|wide,0;widely,2|wide.r.04
